ID,Class
6284,H
6285,E
6286,I
6287,O
6288,E
6289,E
6290,O
6291,A
6292,B
6293,H
6294,N
6295,A
6296,A
6297,H
6298,e
6299,E
6300,A
6301,R
6302,X
6303,S
6304,M
6305,n
6306,A
6307,E
6308,R
6309,S
6310,R
6311,O
6312,n
6313,r
6314,A
6315,W
6316,e
6317,V
6318,A
6319,A
6320,L
6321,n
6322,O
6323,I
6324,W
6325,I
6326,A
6327,m
6328,R
6329,I
6330,U
6331,A
6332,i
6333,v
6334,e
6335,E
6336,i
6337,I
6338,N
6339,O
6340,O
6341,S
6342,D
6343,R
6344,O
6345,P
6346,E
6347,O
6348,T
6349,E
6350,C
6351,e
6352,E
6353,I
6354,O
6355,E
6356,O
6357,J
6358,r
6359,N
6360,a
6361,W
6362,L
6363,N
6364,A
6365,M
6366,E
6367,P
6368,R
6369,I
6370,T
6371,A
6372,N
6373,R
6374,E
6375,Y
6376,L
6377,A
6378,E
6379,S
6380,T
6381,M
6382,O
6383,E
6384,R
6385,R
6386,E
6387,A
6388,n
6389,O
6390,A
6391,e
6392,T
6393,2
6394,A
6395,P
6396,L
6397,T
6398,S
6399,A
6400,r
6401,S
6402,S
6403,E
6404,N
6405,V
6406,A
6407,m
6408,I
6409,S
6410,N
6411,C
6412,E
6413,O
6414,R
6415,E
6416,N
6417,O
6418,P
6419,N
6420,A
6421,N
6422,O
6423,N
6424,S
6425,i
6426,S
6427,A
6428,n
6429,D
6430,E
6431,3
6432,O
6433,S
6434,S
6435,O
6436,I
6437,T
6438,P
6439,O
6440,E
6441,S
6442,A
6443,i
6444,S
6445,I
6446,E
6447,I
6448,N
6449,A
6450,I
6451,L
6452,E
6453,R
6454,R
6455,E
6456,R
6457,e
6458,I
6459,T
6460,O
6461,N
6462,A
6463,r
6464,P
6465,C
6466,H
6467,C
6468,A
6469,A
6470,u
6471,H
6472,A
6473,E
6474,E
6475,N
6476,A
6477,T
6478,S
6479,A
6480,X
6481,A
6482,A
6483,T
6484,D
6485,H
6486,o
6487,A
6488,R
6489,P
6490,c
6491,O
6492,P
6493,A
6494,V
6495,N
6496,A
6497,l
6498,A
6499,U
6500,m
6501,I
6502,C
6503,n
6504,A
6505,V
6506,m
6507,I
6508,e
6509,E
6510,H
6511,0
6512,I
6513,I
6514,M
6515,A
6516,N
6517,S
6518,N
6519,I
6520,O
6521,O
6522,R
6523,o
6524,S
6525,L
6526,E
6527,A
6528,C
6529,C
6530,T
6531,C
6532,N
6533,A
6534,a
6535,C
6536,i
6537,R
6538,L
6539,N
6540,I
6541,O
6542,R
6543,E
6544,O
6545,h
6546,R
6547,T
6548,M
6549,I
6550,A
6551,E
6552,N
6553,M
6554,C
6555,I
6556,W
6557,O
6558,A
6559,I
6560,r
6561,R
6562,O
6563,o
6564,G
6565,E
6566,A
6567,T
6568,L
6569,S
6570,F
6571,L
6572,O
6573,N
6574,S
6575,O
6576,H
6577,O
6578,O
6579,E
6580,A
6581,X
6582,R
6583,A
6584,G
6585,T
6586,I
6587,N
6588,C
6589,A
6590,A
6591,E
6592,I
6593,L
6594,e
6595,P
6596,a
6597,O
6598,I
6599,A
6600,I
6601,O
6602,P
6603,E
6604,U
6605,S
6606,L
6607,C
6608,I
6609,T
6610,H
6611,C
6612,A
6613,A
6614,O
6615,C
6616,O
6617,P
6618,M
6619,A
6620,R
6621,O
6622,C
6623,O
6624,T
6625,n
6626,G
6627,P
6628,O
6629,E
6630,K
6631,O
6632,T
6633,U
6634,R
6635,B
6636,L
6637,D
6638,T
6639,E
6640,C
6641,T
6642,P
6643,O
6644,S
6645,E
6646,i
6647,C
6648,E
6649,M
6650,P
6651,e
6652,R
6653,O
6654,N
6655,E
6656,m
6657,P
6658,R
6659,I
6660,C
6661,E
6662,L
6663,R
6664,E
6665,I
6666,R
6667,o
6668,A
6669,I
6670,I
6671,C
6672,E
6673,O
6674,R
6675,P
6676,A
6677,C
6678,P
6679,i
6680,L
6681,I
6682,E
6683,L
6684,A
6685,U
6686,N
6687,I
6688,R
6689,L
6690,A
6691,S
6692,L
6693,A
6694,M
6695,A
6696,E
6697,E
6698,P
6699,I
6700,G
6701,O
6702,K
6703,S
6704,D
6705,e
6706,H
6707,L
6708,I
6709,P
6710,I
6711,O
6712,n
6713,T
6714,A
6715,E
6716,A
6717,S
6718,A
6719,O
6720,V
6721,S
6722,H
6723,M
6724,n
6725,M
6726,T
6727,N
6728,E
6729,T
6730,S
6731,R
6732,T
6733,C
6734,L
6735,I
6736,C
6737,O
6738,R
6739,n
6740,E
6741,S
6742,T
6743,E
6744,A
6745,C
6746,R
6747,N
6748,a
6749,n
6750,I
6751,t
6752,t
6753,n
6754,D
6755,O
6756,m
6757,E
6758,R
6759,A
6760,T
6761,E
6762,S
6763,N
6764,n
6765,S
6766,I
6767,U
6768,O
6769,o
6770,t
6771,S
6772,I
6773,R
6774,V
6775,T
6776,A
6777,A
6778,O
6779,O
6780,C
6781,a
6782,O
6783,A
6784,T
6785,C
6786,t
6787,T
6788,A
6789,A
6790,o
6791,S
6792,N
6793,O
6794,M
6795,T
6796,O
6797,A
6798,U
6799,O
6800,N
6801,I
6802,O
6803,A
6804,A
6805,A
6806,T
6807,L
6808,C
6809,T
6810,O
6811,K
6812,V
6813,S
6814,A
6815,D
6816,A
6817,S
6818,t
6819,O
6820,A
6821,E
6822,S
6823,E
6824,L
6825,H
6826,S
6827,N
6828,N
6829,P
6830,R
6831,a
6832,C
6833,E
6834,S
6835,C
6836,E
6837,I
6838,A
6839,A
6840,I
6841,I
6842,a
6843,E
6844,L
6845,O
6846,r
6847,O
6848,a
6849,i
6850,h
6851,O
6852,I
6853,E
6854,E
6855,o
6856,R
6857,V
6858,N
6859,T
6860,R
6861,w
6862,E
6863,T
6864,E
6865,I
6866,E
6867,A
6868,I
6869,K
6870,E
6871,L
6872,T
6873,O
6874,S
6875,R
6876,I
6877,A
6878,L
6879,I
6880,a
6881,E
6882,O
6883,Y
6884,L
6885,L
6886,I
6887,A
6888,A
6889,E
6890,O
6891,S
6892,I
6893,I
6894,I
6895,T
6896,I
6897,N
6898,r
6899,A
6900,A
6901,V
6902,G
6903,A
6904,S
6905,L
6906,i
6907,R
6908,B
6909,A
6910,L
6911,I
6912,R
6913,E
6914,I
6915,O
6916,T
6917,e
6918,A
6919,T
6920,R
6921,V
6922,A
6923,I
6924,a
6925,B
6926,P
6927,N
6928,E
6929,S
6930,R
6931,N
6932,O
6933,A
6934,c
6935,L
6936,n
6937,R
6938,L
6939,A
6940,U
6941,A
6942,E
6943,P
6944,O
6945,C
6946,N
6947,I
6948,T
6949,I
6950,L
6951,y
6952,O
6953,D
6954,n
6955,I
6956,O
6957,A
6958,A
6959,O
6960,H
6961,E
6962,G
6963,E
6964,O
6965,A
6966,A
6967,N
6968,v
6969,Y
6970,I
6971,i
6972,S
6973,L
6974,T
6975,C
6976,e
6977,R
6978,O
6979,A
6980,i
6981,O
6982,M
6983,A
6984,A
6985,O
6986,A
6987,F
6988,A
6989,E
6990,R
6991,I
6992,O
6993,T
6994,S
6995,N
6996,I
6997,a
6998,I
6999,L
7000,A
7001,A
7002,I
7003,w
7004,A
7005,A
7006,P
7007,J
7008,E
7009,I
7010,A
7011,N
7012,O
7013,R
7014,O
7015,3
7016,R
7017,e
7018,L
7019,i
7020,A
7021,M
7022,N
7023,O
7024,r
7025,w
7026,P
7027,a
7028,O
7029,S
7030,C
7031,R
7032,T
7033,e
7034,O
7035,A
7036,A
7037,E
7038,C
7039,T
7040,A
7041,C
7042,G
7043,Y
7044,E
7045,E
7046,o
7047,O
7048,n
7049,I
7050,I
7051,O
7052,I
7053,e
7054,H
7055,E
7056,2
7057,U
7058,I
7059,E
7060,O
7061,N
7062,T
7063,r
7064,N
7065,O
7066,S
7067,E
7068,I
7069,G
7070,F
7071,a
7072,7
7073,S
7074,2
7075,N
7076,A
7077,O
7078,P
7079,L
7080,I
7081,A
7082,4
7083,O
7084,R
7085,A
7086,T
7087,h
7088,I
7089,O
7090,E
7091,R
7092,L
7093,R
7094,e
7095,e
7096,A
7097,O
7098,E
7099,E
7100,T
7101,H
7102,D
7103,L
7104,3
7105,G
7106,r
7107,L
7108,O
7109,A
7110,I
7111,A
7112,Y
7113,E
7114,E
7115,E
7116,E
7117,L
7118,A
7119,S
7120,I
7121,R
7122,A
7123,E
7124,B
7125,S
7126,H
7127,e
7128,A
7129,E
7130,A
7131,O
7132,S
7133,W
7134,N
7135,C
7136,r
7137,b
7138,E
7139,E
7140,I
7141,T
7142,A
7143,N
7144,A
7145,T
7146,i
7147,C
7148,A
7149,O
7150,L
7151,I
7152,E
7153,A
7154,O
7155,A
7156,e
7157,a
7158,R
7159,A
7160,E
7161,P
7162,a
7163,H
7164,T
7165,A
7166,L
7167,X
7168,E
7169,N
7170,R
7171,O
7172,R
7173,C
7174,L
7175,A
7176,S
7177,H
7178,A
7179,P
7180,h
7181,A
7182,H
7183,M
7184,A
7185,2
7186,A
7187,E
7188,T
7189,V
7190,H
7191,I
7192,A
7193,i
7194,S
7195,A
7196,O
7197,H
7198,K
7199,O
7200,N
7201,2
7202,D
7203,O
7204,O
7205,e
7206,O
7207,X
7208,N
7209,R
7210,T
7211,R
7212,C
7213,E
7214,A
7215,O
7216,i
7217,I
7218,T
7219,I
7220,E
7221,A
7222,A
7223,R
7224,W
7225,L
7226,S
7227,e
7228,A
7229,O
7230,r
7231,A
7232,4
7233,R
7234,O
7235,O
7236,O
7237,S
7238,O
7239,K
7240,R
7241,L
7242,f
7243,A
7244,P
7245,N
7246,I
7247,O
7248,a
7249,O
7250,U
7251,D
7252,E
7253,E
7254,a
7255,A
7256,S
7257,a
7258,A
7259,E
7260,I
7261,E
7262,O
7263,N
7264,A
7265,N
7266,C
7267,S
7268,D
7269,a
7270,E
7271,E
7272,O
7273,R
7274,S
7275,A
7276,I
7277,Y
7278,N
7279,L
7280,t
7281,n
7282,I
7283,T
7284,r
7285,N
7286,S
7287,P
7288,I
7289,I
7290,A
7291,E
7292,S
7293,E
7294,O
7295,O
7296,A
7297,R
7298,k
7299,A
7300,O
7301,i
7302,E
7303,O
7304,I
7305,C
7306,6
7307,O
7308,T
7309,T
7310,N
7311,E
7312,r
7313,A
7314,A
7315,n
7316,C
7317,S
7318,R
7319,e
7320,C
7321,m
7322,T
7323,G
7324,A
7325,I
7326,O
7327,R
7328,A
7329,Y
7330,H
7331,R
7332,T
7333,A
7334,A
7335,R
7336,O
7337,H
7338,H
7339,I
7340,I
7341,I
7342,E
7343,E
7344,D
7345,N
7346,A
7347,O
7348,P
7349,T
7350,A
7351,e
7352,H
7353,D
7354,L
7355,T
7356,S
7357,A
7358,r
7359,e
7360,I
7361,L
7362,R
7363,I
7364,Y
7365,C
7366,T
7367,A
7368,S
7369,E
7370,A
7371,I
7372,O
7373,T
7374,H
7375,E
7376,S
7377,T
7378,I
7379,A
7380,E
7381,R
7382,S
7383,S
7384,O
7385,I
7386,o
7387,a
7388,O
7389,I
7390,S
7391,T
7392,T
7393,M
7394,A
7395,N
7396,H
7397,L
7398,O
7399,O
7400,I
7401,E
7402,R
7403,N
7404,A
7405,A
7406,G
7407,E
7408,L
7409,O
7410,B
7411,N
7412,I
7413,r
7414,3
7415,A
7416,I
7417,i
7418,A
7419,O
7420,E
7421,I
7422,C
7423,O
7424,7
7425,K
7426,E
7427,E
7428,A
7429,M
7430,A
7431,I
7432,T
7433,A
7434,e
7435,T
7436,R
7437,A
7438,n
7439,S
7440,e
7441,a
7442,A
7443,U
7444,E
7445,S
7446,P
7447,R
7448,C
7449,U
7450,E
7451,L
7452,D
7453,S
7454,S
7455,i
7456,S
7457,C
7458,N
7459,A
7460,S
7461,N
7462,E
7463,t
7464,I
7465,T
7466,a
7467,O
7468,A
7469,A
7470,A
7471,E
7472,N
7473,I
7474,P
7475,A
7476,9
7477,R
7478,S
7479,I
7480,N
7481,C
7482,O
7483,E
7484,L
7485,A
7486,I
7487,L
7488,S
7489,E
7490,P
7491,Y
7492,N
7493,x
7494,i
7495,I
7496,T
7497,C
7498,e
7499,I
7500,e
7501,O
7502,P
7503,N
7504,O
7505,y
7506,O
7507,2
7508,O
7509,T
7510,I
7511,G
7512,R
7513,S
7514,A
7515,S
7516,X
7517,L
7518,E
7519,H
7520,E
7521,n
7522,E
7523,A
7524,I
7525,L
7526,T
7527,A
7528,F
7529,T
7530,R
7531,R
7532,O
7533,A
7534,E
7535,A
7536,3
7537,A
7538,I
7539,R
7540,I
7541,U
7542,R
7543,E
7544,A
7545,O
7546,S
7547,R
7548,r
7549,e
7550,A
7551,A
7552,E
7553,A
7554,a
7555,A
7556,M
7557,N
7558,e
7559,S
7560,M
7561,C
7562,A
7563,I
7564,T
7565,A
7566,A
7567,R
7568,H
7569,0
7570,N
7571,E
7572,I
7573,A
7574,N
7575,e
7576,R
7577,D
7578,o
7579,a
7580,N
7581,H
7582,D
7583,i
7584,O
7585,n
7586,T
7587,N
7588,P
7589,W
7590,S
7591,P
7592,E
7593,T
7594,M
7595,C
7596,O
7597,R
7598,I
7599,E
7600,E
7601,i
7602,L
7603,M
7604,A
7605,N
7606,S
7607,m
7608,S
7609,R
7610,L
7611,V
7612,E
7613,D
7614,I
7615,R
7616,A
7617,E
7618,i
7619,G
7620,Y
7621,M
7622,T
7623,E
7624,A
7625,D
7626,M
7627,O
7628,E
7629,e
7630,n
7631,O
7632,I
7633,A
7634,R
7635,e
7636,X
7637,P
7638,D
7639,S
7640,E
7641,E
7642,e
7643,l
7644,O
7645,L
7646,t
7647,P
7648,A
7649,O
7650,E
7651,R
7652,I
7653,A
7654,O
7655,S
7656,i
7657,E
7658,A
7659,r
7660,N
7661,E
7662,R
7663,R
7664,V
7665,L
7666,e
7667,E
7668,O
7669,r
7670,K
7671,S
7672,G
7673,X
7674,V
7675,I
7676,P
7677,D
7678,O
7679,I
7680,A
7681,A
7682,a
7683,S
7684,G
7685,O
7686,E
7687,B
7688,E
7689,O
7690,O
7691,O
7692,N
7693,C
7694,C
7695,a
7696,H
7697,M
7698,P
7699,A
7700,R
7701,Y
7702,N
7703,P
7704,P
7705,R
7706,I
7707,N
7708,T
7709,R
7710,O
7711,R
7712,P
7713,e
7714,A
7715,G
7716,2
7717,M
7718,O
7719,T
7720,T
7721,S
7722,S
7723,P
7724,C
7725,S
7726,t
7727,A
7728,N
7729,S
7730,O
7731,I
7732,N
7733,E
7734,D
7735,N
7736,n
7737,S
7738,R
7739,L
7740,o
7741,O
7742,A
7743,A
7744,A
7745,n
7746,R
7747,C
7748,N
7749,N
7750,T
7751,r
7752,C
7753,T
7754,E
7755,N
7756,R
7757,D
7758,R
7759,A
7760,O
7761,i
7762,S
7763,A
7764,W
7765,I
7766,m
7767,L
7768,S
7769,A
7770,N
7771,I
7772,R
7773,S
7774,R
7775,R
7776,A
7777,n
7778,E
7779,O
7780,E
7781,A
7782,r
7783,A
7784,I
7785,3
7786,C
7787,E
7788,S
7789,O
7790,P
7791,S
7792,A
7793,t
7794,N
7795,A
7796,E
7797,N
7798,e
7799,O
7800,e
7801,I
7802,I
7803,A
7804,A
7805,I
7806,M
7807,V
7808,o
7809,O
7810,R
7811,O
7812,S
7813,C
7814,r
7815,m
7816,I
7817,E
7818,Z
7819,O
7820,I
7821,F
7822,e
7823,r
7824,T
7825,R
7826,A
7827,r
7828,a
7829,P
7830,E
7831,P
7832,A
7833,S
7834,O
7835,H
7836,A
7837,R
7838,A
7839,S
7840,Y
7841,e
7842,A
7843,r
7844,K
7845,E
7846,T
7847,E
7848,S
7849,N
7850,r
7851,R
7852,A
7853,M
7854,P
7855,i
7856,T
7857,O
7858,O
7859,S
7860,L
7861,A
7862,t
7863,L
7864,R
7865,T
7866,N
7867,A
7868,A
7869,N
7870,G
7871,E
7872,G
7873,L
7874,A
7875,R
7876,E
7877,B
7878,T
7879,N
7880,R
7881,I
7882,T
7883,C
7884,a
7885,S
7886,R
7887,E
7888,A
7889,J
7890,A
7891,A
7892,E
7893,A
7894,S
7895,N
7896,I
7897,I
7898,A
7899,E
7900,E
7901,e
7902,E
7903,S
7904,N
7905,T
7906,O
7907,V
7908,S
7909,I
7910,A
7911,K
7912,2
7913,O
7914,r
7915,C
7916,R
7917,K
7918,A
7919,L
7920,v
7921,J
7922,S
7923,H
7924,E
7925,S
7926,P
7927,Y
7928,L
7929,i
7930,O
7931,d
7932,M
7933,H
7934,r
7935,A
7936,e
7937,C
7938,N
7939,I
7940,T
7941,r
7942,H
7943,D
7944,I
7945,E
7946,R
7947,E
7948,R
7949,O
7950,T
7951,L
7952,A
7953,A
7954,I
7955,R
7956,I
7957,I
7958,T
7959,F
7960,r
7961,E
7962,N
7963,W
7964,C
7965,O
7966,I
7967,I
7968,S
7969,A
7970,S
7971,R
7972,A
7973,R
7974,i
7975,P
7976,A
7977,A
7978,N
7979,T
7980,E
7981,T
7982,E
7983,A
7984,a
7985,L
7986,C
7987,N
7988,e
7989,O
7990,T
7991,S
7992,R
7993,E
7994,C
7995,n
7996,O
7997,R
7998,A
7999,O
8000,N
8001,O
8002,S
8003,E
8004,C
8005,T
8006,T
8007,I
8008,T
8009,A
8010,C
8011,A
8012,G
8013,R
8014,T
8015,E
8016,L
8017,C
8018,r
8019,n
8020,T
8021,A
8022,A
8023,U
8024,H
8025,a
8026,O
8027,R
8028,O
8029,A
8030,n
8031,N
8032,e
8033,E
8034,I
8035,S
8036,M
8037,E
8038,T
8039,O
8040,U
8041,O
8042,n
8043,A
8044,D
8045,W
8046,C
8047,O
8048,S
8049,n
8050,C
8051,A
8052,3
8053,n
8054,H
8055,S
8056,N
8057,L
8058,I
8059,N
8060,A
8061,S
8062,R
8063,S
8064,R
8065,A
8066,O
8067,e
8068,I
8069,N
8070,N
8071,A
8072,I
8073,A
8074,S
8075,S
8076,O
8077,T
8078,R
8079,M
8080,Y
8081,E
8082,S
8083,E
8084,N
8085,H
8086,G
8087,A
8088,r
8089,C
8090,R
8091,S
8092,T
8093,E
8094,I
8095,O
8096,r
8097,T
8098,i
8099,A
8100,S
8101,i
8102,I
8103,H
8104,I
8105,A
8106,R
8107,C
8108,L
8109,T
8110,A
8111,C
8112,i
8113,L
8114,R
8115,O
8116,L
8117,A
8118,N
8119,L
8120,A
8121,L
8122,G
8123,n
8124,I
8125,n
8126,0
8127,E
8128,I
8129,I
8130,L
8131,A
8132,I
8133,N
8134,H
8135,R
8136,C
8137,R
8138,T
8139,E
8140,O
8141,r
8142,O
8143,O
8144,T
8145,A
8146,W
8147,T
8148,O
8149,R
8150,C
8151,R
8152,P
8153,W
8154,e
8155,U
8156,T
8157,R
8158,I
8159,A
8160,N
8161,H
8162,S
8163,N
8164,S
8165,2
8166,R
8167,h
8168,m
8169,G
8170,O
8171,E
8172,I
8173,E
8174,S
8175,R
8176,T
8177,R
8178,N
8179,E
8180,I
8181,I
8182,O
8183,O
8184,E
8185,S
8186,R
8187,L
8188,A
8189,H
8190,E
8191,S
8192,i
8193,S
8194,R
8195,M
8196,E
8197,A
8198,S
8199,D
8200,A
8201,E
8202,I
8203,I
8204,i
8205,A
8206,N
8207,O
8208,e
8209,L
8210,E
8211,S
8212,A
8213,A
8214,T
8215,E
8216,N
8217,C
8218,S
8219,J
8220,K
8221,I
8222,A
8223,K
8224,I
8225,M
8226,N
8227,A
8228,E
8229,E
8230,s
8231,R
8232,T
8233,N
8234,E
8235,A
8236,i
8237,A
8238,N
8239,n
8240,D
8241,o
8242,A
8243,I
8244,3
8245,G
8246,I
8247,E
8248,M
8249,T
8250,A
8251,C
8252,M
8253,O
8254,O
8255,S
8256,S
8257,F
8258,E
8259,M
8260,O
8261,N
8262,O
8263,T
8264,A
8265,S
8266,S
8267,e
8268,R
8269,I
8270,A
8271,E
8272,N
8273,I
8274,O
8275,C
8276,R
8277,R
8278,A
8279,e
8280,L
8281,D
8282,R
8283,A
8284,A
8285,L
8286,S
8287,T
8288,E
8289,O
8290,E
8291,i
8292,P
8293,O
8294,O
8295,T
8296,C
8297,N
8298,3
8299,C
8300,H
8301,O
8302,I
8303,O
8304,N
8305,O
8306,N
8307,I
8308,A
8309,N
8310,C
8311,O
8312,O
8313,A
8314,7
8315,A
8316,O
8317,E
8318,A
8319,E
8320,m
8321,i
8322,r
8323,F
8324,E
8325,N
8326,T
8327,I
8328,L
8329,I
8330,e
8331,A
8332,t
8333,R
8334,a
8335,O
8336,D
8337,A
8338,O
8339,r
8340,A
8341,O
8342,A
8343,A
8344,C
8345,N
8346,S
8347,H
8348,O
8349,e
8350,I
8351,R
8352,A
8353,T
8354,L
8355,I
8356,I
8357,O
8358,O
8359,l
8360,r
8361,I
8362,E
8363,e
8364,O
8365,D
8366,I
8367,O
8368,R
8369,S
8370,E
8371,I
8372,i
8373,n
8374,N
8375,P
8376,L
8377,R
8378,A
8379,N
8380,N
8381,O
8382,P
8383,K
8384,S
8385,a
8386,3
8387,L
8388,E
8389,S
8390,R
8391,T
8392,M
8393,e
8394,N
8395,S
8396,P
8397,Y
8398,R
8399,I
8400,A
8401,L
8402,R
8403,I
8404,T
8405,S
8406,N
8407,S
8408,A
8409,E
8410,N
8411,E
8412,R
8413,n
8414,T
8415,D
8416,T
8417,6
8418,I
8419,D
8420,R
8421,N
8422,M
8423,N
8424,N
8425,O
8426,A
8427,E
8428,E
8429,D
8430,O
8431,T
8432,A
8433,H
8434,I
8435,O
8436,A
8437,R
8438,O
8439,A
8440,O
8441,A
8442,H
8443,R
8444,S
8445,t
8446,z
8447,A
8448,l
8449,I
8450,D
8451,l
8452,O
8453,K
8454,l
8455,I
8456,a
8457,H
8458,R
8459,M
8460,E
8461,D
8462,O
8463,E
8464,L
8465,i
8466,A
8467,R
8468,L
8469,F
8470,C
8471,T
8472,C
8473,S
8474,R
8475,D
8476,R
8477,E
8478,T
8479,O
8480,A
8481,O
8482,P
8483,R
8484,C
8485,N
8486,E
8487,I
8488,S
8489,e
8490,A
8491,E
8492,O
8493,R
8494,E
8495,L
8496,S
8497,h
8498,i
8499,Y
8500,E
8501,I
8502,A
8503,e
8504,A
8505,E
8506,T
8507,G
8508,N
8509,I
8510,S
8511,N
8512,N
8513,6
8514,E
8515,O
8516,I
8517,I
8518,O
8519,O
8520,A
8521,N
8522,T
8523,R
8524,L
8525,K
8526,S
8527,C
8528,D
8529,I
8530,E
8531,P
8532,A
8533,E
8534,F
8535,O
8536,R
8537,2
8538,A
8539,I
8540,E
8541,M
8542,D
8543,I
8544,M
8545,E
8546,Y
8547,L
8548,T
8549,C
8550,S
8551,R
8552,O
8553,O
8554,S
8555,F
8556,S
8557,D
8558,H
8559,C
8560,I
8561,Y
8562,O
8563,S
8564,A
8565,r
8566,I
8567,I
8568,E
8569,I
8570,I
8571,N
8572,S
8573,A
8574,D
8575,A
8576,O
8577,R
8578,R
8579,n
8580,I
8581,A
8582,e
8583,U
8584,H
8585,T
8586,A
8587,S
8588,I
8589,n
8590,5
8591,I
8592,R
8593,I
8594,E
8595,r
8596,M
8597,A
8598,s
8599,I
8600,N
8601,E
8602,e
8603,J
8604,T
8605,E
8606,A
8607,O
8608,E
8609,I
8610,A
8611,C
8612,I
8613,A
8614,S
8615,S
8616,h
8617,R
8618,H
8619,A
8620,O
8621,R
8622,e
8623,I
8624,6
8625,E
8626,h
8627,E
8628,N
8629,M
8630,S
8631,h
8632,O
8633,S
8634,N
8635,A
8636,I
8637,C
8638,T
8639,S
8640,V
8641,S
8642,a
8643,R
8644,M
8645,O
8646,o
8647,e
8648,o
8649,O
8650,I
8651,d
8652,A
8653,E
8654,R
8655,S
8656,N
8657,I
8658,B
8659,W
8660,S
8661,R
8662,r
8663,I
8664,Y
8665,A
8666,R
8667,E
8668,D
8669,O
8670,S
8671,N
8672,R
8673,E
8674,o
8675,X
8676,A
8677,S
8678,T
8679,e
8680,r
8681,I
8682,A
8683,E
8684,O
8685,C
8686,R
8687,C
8688,A
8689,S
8690,R
8691,S
8692,I
8693,O
8694,i
8695,N
8696,S
8697,O
8698,E
8699,R
8700,O
8701,E
8702,P
8703,E
8704,T
8705,7
8706,S
8707,Y
8708,I
8709,S
8710,V
8711,I
8712,E
8713,R
8714,N
8715,I
8716,S
8717,L
8718,N
8719,R
8720,O
8721,R
8722,A
8723,N
8724,i
8725,I
8726,R
8727,A
8728,M
8729,S
8730,R
8731,D
8732,A
8733,O
8734,R
8735,P
8736,J
8737,A
8738,A
8739,L
8740,N
8741,I
8742,r
8743,r
8744,V
8745,T
8746,R
8747,R
8748,O
8749,D
8750,E
8751,2
8752,P
8753,A
8754,a
8755,a
8756,T
8757,I
8758,R
8759,P
8760,I
8761,O
8762,A
8763,N
8764,D
8765,e
8766,U
8767,A
8768,L
8769,E
8770,e
8771,E
8772,H
8773,S
8774,e
8775,E
8776,a
8777,A
8778,R
8779,O
8780,O
8781,L
8782,O
8783,T
8784,C
8785,A
8786,L
8787,O
8788,C
8789,e
8790,T
8791,C
8792,U
8793,M
8794,O
8795,m
8796,O
8797,T
8798,N
8799,A
8800,a
8801,A
8802,U
8803,I
8804,a
8805,O
8806,S
8807,T
8808,n
8809,U
8810,E
8811,R
8812,O
8813,O
8814,O
8815,3
8816,n
8817,D
8818,S
8819,C
8820,L
8821,W
8822,A
8823,E
8824,T
8825,C
8826,C
8827,A
8828,A
8829,E
8830,R
8831,A
8832,O
8833,I
8834,e
8835,N
8836,L
8837,P
8838,A
8839,D
8840,e
8841,y
8842,E
8843,k
8844,N
8845,P
8846,A
8847,E
8848,I
8849,A
8850,S
8851,R
8852,O
8853,R
8854,O
8855,r
8856,A
8857,E
8858,A
8859,R
8860,C
8861,D
8862,U
8863,P
8864,R
8865,C
8866,N
8867,O
8868,L
8869,I
8870,L
8871,V
8872,A
8873,R
8874,L
8875,E
8876,E
8877,A
8878,O
8879,i
8880,T
8881,E
8882,G
8883,V
8884,A
8885,D
8886,Y
8887,S
8888,P
8889,N
8890,Y
8891,R
8892,O
8893,C
8894,n
8895,A
8896,a
8897,T
8898,R
8899,A
8900,e
8901,e
8902,C
8903,R
8904,O
8905,O
8906,A
8907,O
8908,O
8909,I
8910,I
8911,T
8912,E
8913,E
8914,L
8915,R
8916,E
8917,a
8918,A
8919,Y
8920,O
8921,C
8922,N
8923,I
8924,i
8925,S
8926,O
8927,Y
8928,L
8929,2
8930,R
8931,M
8932,A
8933,L
8934,r
8935,P
8936,O
8937,E
8938,O
8939,N
8940,D
8941,B
8942,S
8943,R
8944,N
8945,I
8946,R
8947,L
8948,i
8949,H
8950,r
8951,C
8952,C
8953,r
8954,C
8955,I
8956,E
8957,N
8958,r
8959,C
8960,P
8961,r
8962,M
8963,a
8964,T
8965,A
8966,T
8967,S
8968,r
8969,I
8970,e
8971,O
8972,d
8973,A
8974,I
8975,A
8976,e
8977,G
8978,T
8979,n
8980,O
8981,3
8982,W
8983,U
8984,S
8985,E
8986,5
8987,E
8988,N
8989,n
8990,A
8991,A
8992,2
8993,I
8994,E
8995,o
8996,n
8997,O
8998,A
8999,A
9000,E
9001,N
9002,A
9003,O
9004,M
9005,A
9006,H
9007,O
9008,A
9009,O
9010,A
9011,O
9012,P
9013,n
9014,o
9015,t
9016,R
9017,I
9018,I
9019,P
9020,T
9021,T
9022,R
9023,A
9024,H
9025,A
9026,R
9027,O
9028,n
9029,r
9030,D
9031,A
9032,A
9033,I
9034,H
9035,e
9036,O
9037,R
9038,r
9039,N
9040,N
9041,M
9042,E
9043,E
9044,I
9045,J
9046,I
9047,N
9048,r
9049,S
9050,E
9051,C
9052,A
9053,N
9054,M
9055,A
9056,M
9057,O
9058,I
9059,S
9060,S
9061,I
9062,m
9063,r
9064,m
9065,C
9066,A
9067,T
9068,E
9069,O
9070,E
9071,T
9072,R
9073,O
9074,I
9075,i
9076,a
9077,V
9078,C
9079,A
9080,R
9081,J
9082,O
9083,P
9084,a
9085,S
9086,N
9087,D
9088,T
9089,A
9090,O
9091,A
9092,T
9093,E
9094,E
9095,E
9096,O
9097,A
9098,A
9099,B
9100,P
9101,E
9102,A
9103,R
9104,E
9105,K
9106,K
9107,I
9108,P
9109,D
9110,I
9111,I
9112,M
9113,h
9114,C
9115,S
9116,N
9117,E
9118,M
9119,I
9120,S
9121,N
9122,T
9123,H
9124,R
9125,O
9126,2
9127,R
9128,a
9129,T
9130,O
9131,a
9132,T
9133,A
9134,C
9135,m
9136,T
9137,R
9138,E
9139,D
9140,E
9141,a
9142,E
9143,A
9144,A
9145,O
9146,O
9147,T
9148,R
9149,I
9150,T
9151,a
9152,n
9153,C
9154,O
9155,A
9156,T
9157,U
9158,I
9159,C
9160,7
9161,R
9162,S
9163,R
9164,A
9165,R
9166,E
9167,e
9168,Z
9169,O
9170,A
9171,O
9172,T
9173,M
9174,A
9175,e
9176,A
9177,I
9178,I
9179,r
9180,C
9181,Y
9182,M
9183,n
9184,m
9185,a
9186,N
9187,L
9188,N
9189,2
9190,I
9191,I
9192,N
9193,E
9194,H
9195,A
9196,C
9197,E
9198,A
9199,R
9200,O
9201,H
9202,A
9203,N
9204,P
9205,S
9206,T
9207,O
9208,A
9209,C
9210,A
9211,N
9212,V
9213,e
9214,P
9215,S
9216,e
9217,D
9218,2
9219,A
9220,C
9221,T
9222,E
9223,h
9224,E
9225,A
9226,r
9227,L
9228,7
9229,O
9230,S
9231,r
9232,t
9233,N
9234,E
9235,R
9236,x
9237,A
9238,L
9239,R
9240,E
9241,R
9242,R
9243,O
9244,A
9245,S
9246,A
9247,I
9248,R
9249,A
9250,a
9251,R
9252,I
9253,S
9254,M
9255,O
9256,E
9257,S
9258,A
9259,H
9260,L
9261,M
9262,Y
9263,G
9264,T
9265,A
9266,O
9267,T
9268,O
9269,I
9270,S
9271,A
9272,E
9273,T
9274,N
9275,N
9276,3
9277,C
9278,E
9279,D
9280,C
9281,A
9282,E
9283,O
9284,I
9285,e
9286,n
9287,A
9288,R
9289,A
9290,O
9291,S
9292,K
9293,A
9294,T
9295,E
9296,h
9297,C
9298,E
9299,T
9300,T
9301,A
9302,N
9303,s
9304,A
9305,n
9306,A
9307,O
9308,3
9309,O
9310,I
9311,I
9312,P
9313,E
9314,N
9315,Z
9316,A
9317,E
9318,A
9319,E
9320,A
9321,R
9322,N
9323,E
9324,S
9325,S
9326,H
9327,S
9328,O
9329,U
9330,R
9331,e
9332,L
9333,N
9334,M
9335,N
9336,I
9337,F
9338,I
9339,r
9340,N
9341,O
9342,R
9343,N
9344,a
9345,A
9346,A
9347,O
9348,R
9349,A
9350,T
9351,S
9352,O
9353,E
9354,4
9355,N
9356,A
9357,I
9358,O
9359,N
9360,R
9361,A
9362,O
9363,I
9364,a
9365,R
9366,O
9367,A
9368,T
9369,a
9370,D
9371,H
9372,O
9373,L
9374,O
9375,Y
9376,C
9377,E
9378,S
9379,N
9380,S
9381,E
9382,S
9383,o
9384,S
9385,O
9386,2
9387,3
9388,P
9389,N
9390,m
9391,E
9392,A
9393,e
9394,N
9395,L
9396,C
9397,E
9398,E
9399,2
9400,N
9401,P
9402,e
9403,S
9404,e
9405,O
9406,O
9407,C
9408,S
9409,E
9410,E
9411,A
9412,E
9413,I
9414,A
9415,S
9416,A
9417,B
9418,O
9419,O
9420,S
9421,E
9422,A
9423,h
9424,C
9425,N
9426,G
9427,I
9428,S
9429,E
9430,T
9431,r
9432,A
9433,O
9434,R
9435,E
9436,H
9437,e
9438,n
9439,A
9440,E
9441,s
9442,N
9443,R
9444,L
9445,I
9446,Z
9447,A
9448,R
9449,e
9450,A
9451,e
9452,A
9453,R
9454,O
9455,N
9456,O
9457,A
9458,O
9459,n
9460,R
9461,i
9462,B
9463,I
9464,E
9465,A
9466,A
9467,E
9468,E
9469,e
9470,t
9471,r
9472,R
9473,e
9474,I
9475,H
9476,O
9477,A
9478,A
9479,a
9480,P
9481,5
9482,I
9483,O
9484,T
9485,A
9486,H
9487,N
9488,S
9489,A
9490,O
9491,O
9492,E
9493,N
9494,T
9495,S
9496,S
9497,E
9498,e
9499,R
9500,e
9501,N
9502,C
9503,r
9504,C
9505,A
9506,7
9507,A
9508,S
9509,X
9510,S
9511,R
9512,a
9513,T
9514,A
9515,3
9516,N
9517,G
9518,I
9519,E
9520,O
9521,D
9522,I
9523,Y
9524,A
9525,E
9526,J
9527,R
9528,R
9529,I
9530,e
9531,L
9532,A
9533,I
9534,I
9535,E
9536,H
9537,I
9538,T
9539,E
9540,I
9541,E
9542,T
9543,O
9544,O
9545,C
9546,E
9547,D
9548,N
9549,R
9550,e
9551,N
9552,a
9553,T
9554,R
9555,S
9556,E
9557,O
9558,S
9559,e
9560,3
9561,A
9562,R
9563,R
9564,A
9565,A
9566,A
9567,T
9568,R
9569,A
9570,V
9571,e
9572,C
9573,E
9574,N
9575,I
9576,Y
9577,r
9578,S
9579,N
9580,I
9581,E
9582,J
9583,A
9584,R
9585,A
9586,L
9587,O
9588,n
9589,O
9590,t
9591,A
9592,N
9593,A
9594,O
9595,O
9596,e
9597,C
9598,T
9599,N
9600,E
9601,N
9602,E
9603,e
9604,O
9605,2
9606,1
9607,A
9608,C
9609,E
9610,h
9611,T
9612,R
9613,A
9614,L
9615,A
9616,R
9617,u
9618,R
9619,S
9620,o
9621,A
9622,O
9623,O
9624,A
9625,I
9626,E
9627,I
9628,C
9629,A
9630,N
9631,A
9632,O
9633,e
9634,r
9635,A
9636,R
9637,A
9638,A
9639,C
9640,S
9641,r
9642,I
9643,D
9644,O
9645,O
9646,D
9647,E
9648,E
9649,n
9650,I
9651,T
9652,e
9653,I
9654,P
9655,E
9656,A
9657,A
9658,A
9659,R
9660,C
9661,T
9662,I
9663,L
9664,A
9665,T
9666,i
9667,0
9668,X
9669,I
9670,M
9671,a
9672,H
9673,A
9674,D
9675,t
9676,E
9677,X
9678,d
9679,A
9680,T
9681,S
9682,R
9683,P
9684,D
9685,A
9686,E
9687,S
9688,A
9689,O
9690,E
9691,L
9692,e
9693,G
9694,I
9695,O
9696,A
9697,S
9698,N
9699,O
9700,I
9701,T
9702,A
9703,r
9704,O
9705,I
9706,F
9707,T
9708,E
9709,R
9710,C
9711,2
9712,O
9713,I
9714,E
9715,A
9716,e
9717,I
9718,A
9719,R
9720,r
9721,S
9722,D
9723,N
9724,A
9725,T
9726,T
9727,O
9728,A
9729,e
9730,C
9731,A
9732,O
9733,E
9734,a
9735,H
9736,A
9737,a
9738,E
9739,T
9740,h
9741,E
9742,R
9743,D
9744,A
9745,N
9746,E
9747,T
9748,S
9749,T
9750,A
9751,H
9752,o
9753,A
9754,N
9755,N
9756,S
9757,I
9758,D
9759,S
9760,S
9761,l
9762,O
9763,R
9764,R
9765,T
9766,R
9767,I
9768,H
9769,I
9770,I
9771,r
9772,S
9773,t
9774,e
9775,T
9776,E
9777,E
9778,7
9779,I
9780,T
9781,D
9782,A
9783,O
9784,A
9785,L
9786,E
9787,a
9788,T
9789,1
9790,6
9791,N
9792,D
9793,T
9794,E
9795,N
9796,I
9797,r
9798,A
9799,I
9800,2
9801,R
9802,E
9803,S
9804,I
9805,N
9806,A
9807,L
9808,C
9809,A
9810,R
9811,T
9812,R
9813,L
9814,I
9815,S
9816,r
9817,A
9818,i
9819,A
9820,M
9821,n
9822,N
9823,N
9824,A
9825,A
9826,S
9827,E
9828,S
9829,A
9830,R
9831,4
9832,I
9833,A
9834,O
9835,l
9836,O
9837,I
9838,b
9839,a
9840,I
9841,N
9842,R
9843,T
9844,Z
9845,S
9846,I
9847,O
9848,R
9849,A
9850,C
9851,O
9852,H
9853,M
9854,B
9855,H
9856,O
9857,Y
9858,A
9859,I
9860,T
9861,S
9862,E
9863,N
9864,o
9865,e
9866,R
9867,C
9868,I
9869,a
9870,I
9871,E
9872,N
9873,T
9874,U
9875,A
9876,Y
9877,G
9878,M
9879,2
9880,E
9881,R
9882,A
9883,A
9884,S
9885,e
9886,7
9887,O
9888,O
9889,E
9890,A
9891,A
9892,G
9893,O
9894,H
9895,O
9896,i
9897,I
9898,O
9899,O
9900,A
9901,A
9902,E
9903,N
9904,e
9905,A
9906,T
9907,i
9908,S
9909,R
9910,A
9911,3
9912,X
9913,A
9914,E
9915,R
9916,N
9917,A
9918,O
9919,r
9920,T
9921,A
9922,H
9923,C
9924,n
9925,T
9926,E
9927,X
9928,R
9929,A
9930,E
9931,I
9932,S
9933,O
9934,C
9935,A
9936,A
9937,R
9938,C
9939,O
9940,I
9941,F
9942,L
9943,E
9944,R
9945,N
9946,r
9947,I
9948,E
9949,r
9950,V
9951,A
9952,R
9953,I
9954,A
9955,2
9956,E
9957,I
9958,T
9959,e
9960,r
9961,P
9962,A
9963,S
9964,R
9965,2
9966,A
9967,I
9968,T
9969,R
9970,O
9971,E
9972,N
9973,S
9974,a
9975,E
9976,N
9977,i
9978,T
9979,N
9980,T
9981,L
9982,S
9983,R
9984,S
9985,E
9986,A
9987,I
9988,R
9989,A
9990,I
9991,S
9992,T
9993,I
9994,M
9995,A
9996,D
9997,S
9998,T
9999,n
10000,T
10001,E
10002,e
10003,T
10004,D
10005,T
10006,R
10007,S
10008,r
10009,I
10010,n
10011,I
10012,e
10013,P
10014,L
10015,6
10016,S
10017,2
10018,T
10019,H
10020,K
10021,R
10022,S
10023,H
10024,I
10025,O
10026,O
10027,O
10028,L
10029,P
10030,C
10031,o
10032,E
10033,n
10034,A
10035,N
10036,R
10037,C
10038,C
10039,R
10040,T
10041,U
10042,E
10043,A
10044,E
10045,O
10046,R
10047,L
10048,N
10049,O
10050,G
10051,C
10052,N
10053,E
10054,R
10055,E
10056,O
10057,I
10058,T
10059,e
10060,L
10061,P
10062,O
10063,N
10064,N
10065,E
10066,I
10067,P
10068,O
10069,M
10070,X
10071,n
10072,O
10073,A
10074,S
10075,L
10076,i
10077,o
10078,P
10079,A
10080,n
10081,E
10082,2
10083,C
10084,O
10085,C
10086,N
10087,E
10088,N
10089,S
10090,T
10091,S
10092,E
10093,O
10094,A
10095,r
10096,A
10097,O
10098,A
10099,A
10100,D
10101,E
10102,o
10103,G
10104,R
10105,U
10106,B
10107,O
10108,A
10109,Y
10110,N
10111,a
10112,N
10113,I
10114,E
10115,A
10116,N
10117,A
10118,P
10119,A
10120,T
10121,A
10122,O
10123,E
10124,C
10125,N
10126,O
10127,S
10128,P
10129,A
10130,E
10131,L
10132,S
10133,E
10134,I
10135,A
10136,T
10137,M
10138,O
10139,A
10140,A
10141,L
10142,R
10143,a
10144,I
10145,I
10146,A
10147,E
10148,L
10149,r
10150,S
10151,H
10152,A
10153,S
10154,I
10155,T
10156,A
10157,N
10158,1
10159,I
10160,A
10161,D
10162,H
10163,2
10164,O
10165,N
10166,E
10167,n
10168,S
10169,E
10170,S
10171,K
10172,E
10173,R
10174,i
10175,t
10176,n
10177,T
10178,P
10179,7
10180,r
10181,O
10182,A
10183,a
10184,S
10185,O
10186,e
10187,D
10188,U
10189,T
10190,A
10191,E
10192,L
10193,e
10194,T
10195,A
10196,E
10197,T
10198,S
10199,r
10200,E
10201,S
10202,R
10203,N
10204,E
10205,I
10206,A
10207,L
10208,r
10209,T
10210,R
10211,L
10212,P
10213,C
10214,V
10215,S
10216,H
10217,L
10218,B
10219,M
10220,R
10221,O
10222,o
10223,S
10224,A
10225,O
10226,P
10227,V
10228,A
10229,N
10230,C
10231,r
10232,E
10233,X
10234,n
10235,S
10236,N
10237,T
10238,A
10239,A
10240,I
10241,E
10242,D
10243,V
10244,D
10245,S
10246,P
10247,I
10248,e
10249,A
10250,E
10251,A
10252,C
10253,M
10254,G
10255,L
10256,n
10257,S
10258,r
10259,r
10260,A
10261,A
10262,E
10263,C
10264,e
10265,A
10266,O
10267,S
10268,D
10269,O
10270,M
10271,N
10272,A
10273,P
10274,A
10275,T
10276,O
10277,R
10278,I
10279,A
10280,R
10281,O
10282,I
10283,A
10284,A
10285,a
10286,n
10287,S
10288,L
10289,O
10290,O
10291,E
10292,a
10293,L
10294,S
10295,I
10296,N
10297,O
10298,E
10299,A
10300,N
10301,L
10302,3
10303,T
10304,D
10305,5
10306,E
10307,V
10308,A
10309,O
10310,N
10311,N
10312,I
10313,O
10314,S
10315,a
10316,t
10317,S
10318,E
10319,C
10320,r
10321,T
10322,I
10323,r
10324,C
10325,P
10326,L
10327,I
10328,N
10329,D
10330,O
10331,O
10332,R
10333,T
10334,9
10335,T
10336,E
10337,R
10338,S
10339,l
10340,G
10341,T
10342,O
10343,A
10344,S
10345,e
10346,o
10347,R
10348,O
10349,I
10350,n
10351,e
10352,A
10353,O
10354,I
10355,5
10356,A
10357,S
10358,H
10359,C
10360,A
10361,P
10362,I
10363,t
10364,S
10365,S
10366,T
10367,T
10368,A
10369,T
10370,I
10371,R
10372,T
10373,O
10374,R
10375,E
10376,T
10377,U
10378,A
10379,S
10380,T
10381,e
10382,S
10383,T
10384,P
10385,T
10386,1
10387,S
10388,R
10389,S
10390,S
10391,S
10392,a
10393,S
10394,A
10395,N
10396,E
10397,I
10398,o
10399,z
10400,r
10401,D
10402,J
10403,R
10404,e
10405,T
10406,N
10407,A
10408,T
10409,H
10410,O
10411,E
10412,S
10413,T
10414,L
10415,i
10416,N
10417,I
10418,O
10419,O
10420,T
10421,T
10422,R
10423,O
10424,L
10425,I
10426,A
10427,E
10428,A
10429,E
10430,M
10431,C
10432,A
10433,K
10434,a
10435,V
10436,T
10437,A
10438,O
10439,I
10440,C
10441,P
10442,I
10443,h
10444,L
10445,A
10446,I
10447,D
10448,E
10449,T
10450,A
10451,o
10452,R
10453,A
10454,A
10455,C
10456,E
10457,R
10458,A
10459,O
10460,R
10461,L
10462,r
10463,A
10464,A
10465,Y
10466,I
10467,O
10468,T
10469,O
10470,O
10471,O
10472,C
10473,a
10474,e
10475,O
10476,M
10477,E
10478,V
10479,I
10480,A
10481,D
10482,N
10483,I
10484,o
10485,T
10486,O
10487,H
10488,e
10489,E
10490,A
10491,A
10492,S
10493,O
10494,D
10495,T
10496,e
10497,E
10498,A
10499,T
10500,M
10501,O
10502,L
10503,U
10504,H
10505,S
10506,L
10507,R
10508,K
10509,E
10510,H
10511,P
10512,J
10513,P
10514,0
10515,V
10516,O
10517,i
10518,A
10519,N
10520,N
10521,M
10522,5
10523,d
10524,R
10525,I
10526,H
10527,O
10528,T
10529,N
10530,N
10531,P
10532,L
10533,E
10534,e
10535,O
10536,T
10537,A
10538,I
10539,A
10540,R
10541,E
10542,S
10543,I
10544,E
10545,N
10546,O
10547,S
10548,T
10549,A
10550,N
10551,L
10552,r
10553,E
10554,N
10555,I
10556,A
10557,A
10558,T
10559,L
10560,R
10561,T
10562,D
10563,V
10564,b
10565,E
10566,e
10567,V
10568,R
10569,M
10570,e
10571,n
10572,A
10573,r
10574,A
10575,N
10576,t
10577,N
10578,E
10579,P
10580,T
10581,C
10582,S
10583,A
10584,P
10585,A
10586,A
10587,O
10588,T
10589,n
10590,S
10591,A
10592,O
10593,N
10594,O
10595,A
10596,E
10597,P
10598,A
10599,a
10600,S
10601,S
10602,A
10603,M
10604,O
10605,I
10606,T
10607,G
10608,L
10609,A
10610,R
10611,E
10612,o
10613,O
10614,T
10615,A
10616,L
10617,A
10618,O
10619,O
10620,I
10621,r
10622,L
10623,3
10624,S
10625,S
10626,S
10627,A
10628,R
10629,N
10630,X
10631,U
10632,A
10633,r
10634,C
10635,r
10636,E
10637,e
10638,E
10639,S
10640,I
10641,O
10642,H
10643,I
10644,S
10645,I
10646,e
10647,S
10648,T
10649,O
10650,L
10651,N
10652,h
10653,i
10654,D
10655,C
10656,A
10657,A
10658,N
10659,r
10660,R
10661,i
10662,H
10663,2
10664,S
10665,W
10666,C
10667,H
10668,L
10669,A
10670,I
10671,L
10672,I
10673,M
10674,K
10675,S
10676,A
10677,D
10678,I
10679,S
10680,R
10681,m
10682,R
10683,O
10684,I
10685,R
10686,R
10687,a
10688,A
10689,P
10690,O
10691,O
10692,T
10693,L
10694,A
10695,I
10696,M
10697,E
10698,e
10699,A
10700,r
10701,I
10702,A
10703,S
10704,N
10705,T
10706,I
10707,N
10708,m
10709,I
10710,e
10711,A
10712,E
10713,I
10714,I
10715,R
10716,S
10717,A
10718,K
10719,m
10720,J
10721,D
10722,B
10723,T
10724,I
10725,T
10726,N
10727,I
10728,A
10729,L
10730,C
10731,S
10732,E
10733,L
10734,N
10735,C
10736,A
10737,D
10738,O
10739,O
10740,G
10741,r
10742,T
10743,A
10744,D
10745,T
10746,A
10747,T
10748,E
10749,C
10750,G
10751,A
10752,E
10753,i
10754,I
10755,R
10756,R
10757,A
10758,R
10759,I
10760,I
10761,S
10762,A
10763,P
10764,N
10765,C
10766,G
10767,S
10768,R
10769,I
10770,A
10771,A
10772,I
10773,I
10774,R
10775,A
10776,T
10777,I
10778,N
10779,N
10780,E
10781,N
10782,I
10783,R
10784,e
10785,A
10786,R
10787,R
10788,S
10789,r
10790,N
10791,E
10792,m
10793,E
10794,X
10795,I
10796,M
10797,e
10798,M
10799,E
10800,N
10801,D
10802,T
10803,E
10804,I
10805,R
10806,O
10807,R
10808,D
10809,I
10810,M
10811,A
10812,S
10813,E
10814,E
10815,A
10816,E
10817,R
10818,O
10819,I
10820,r
10821,R
10822,R
10823,S
10824,O
10825,A
10826,r
10827,L
10828,E
10829,E
10830,T
10831,O
10832,T
10833,S
10834,N
10835,G
10836,r
10837,B
10838,2
10839,C
10840,P
10841,H
10842,V
10843,T
10844,a
10845,A
10846,Y
10847,M
10848,I
10849,A
10850,C
10851,E
10852,e
10853,A
10854,N
10855,S
10856,U
10857,O
10858,O
10859,N
10860,E
10861,A
10862,H
10863,Y
10864,O
10865,A
10866,E
10867,E
10868,7
10869,A
10870,I
10871,I
10872,D
10873,O
10874,a
10875,E
10876,S
10877,I
10878,h
10879,n
10880,A
10881,N
10882,A
10883,K
10884,E
10885,S
10886,P
10887,R
10888,P
10889,R
10890,R
10891,T
10892,I
10893,S
10894,N
10895,A
10896,E
10897,C
10898,A
10899,C
10900,t
10901,A
10902,O
10903,i
10904,O
10905,O
10906,E
10907,S
10908,E
10909,r
10910,I
10911,I
10912,I
10913,O
10914,N
10915,T
10916,r
10917,M
10918,I
10919,e
10920,P
10921,K
10922,I
10923,A
10924,I
10925,E
10926,N
10927,L
10928,O
10929,I
10930,A
10931,O
10932,I
10933,B
10934,L
10935,H
10936,A
10937,A
10938,f
10939,T
10940,S
10941,O
10942,N
10943,N
10944,E
10945,O
10946,r
10947,T
10948,E
10949,n
10950,C
10951,r
10952,A
10953,T
10954,a
10955,T
10956,6
10957,A
10958,6
10959,d
10960,O
10961,A
10962,A
10963,S
10964,H
10965,T
10966,S
10967,O
10968,A
10969,N
10970,A
10971,C
10972,A
10973,G
10974,T
10975,N
10976,n
10977,A
10978,O
10979,R
10980,A
10981,T
10982,S
10983,C
10984,T
10985,e
10986,a
10987,H
10988,M
10989,2
10990,e
10991,T
10992,A
10993,E
10994,E
10995,O
10996,O
10997,R
10998,O
10999,S
11000,A
11001,A
11002,A
11003,C
11004,O
11005,9
11006,A
11007,O
11008,I
11009,O
11010,N
11011,T
11012,R
11013,A
11014,R
11015,N
11016,S
11017,N
11018,O
11019,A
11020,S
11021,E
11022,r
11023,I
11024,a
11025,T
11026,S
11027,M
11028,R
11029,O
11030,L
11031,N
11032,T
11033,S
11034,C
11035,e
11036,L
11037,C
11038,I
11039,i
11040,V
11041,A
11042,I
11043,N
11044,P
11045,M
11046,O
11047,E
11048,A
11049,N
11050,O
11051,C
11052,I
11053,D
11054,P
11055,t
11056,G
11057,L
11058,S
11059,A
11060,A
11061,r
11062,d
11063,H
11064,V
11065,J
11066,O
11067,O
11068,O
11069,S
11070,E
11071,c
11072,R
11073,e
11074,E
11075,N
11076,A
11077,E
11078,A
11079,L
11080,i
11081,L
11082,L
11083,N
11084,M
11085,n
11086,E
11087,r
11088,E
11089,o
11090,A
11091,T
11092,E
11093,N
11094,A
11095,A
11096,P
11097,O
11098,I
11099,A
11100,V
11101,n
11102,A
11103,R
11104,C
11105,N
11106,e
11107,L
11108,T
11109,e
11110,E
11111,i
11112,E
11113,W
11114,A
11115,N
11116,n
11117,S
11118,S
11119,D
11120,3
11121,R
11122,A
11123,A
11124,E
11125,i
11126,R
11127,r
11128,O
11129,O
11130,e
11131,O
11132,U
11133,T
11134,T
11135,N
11136,P
11137,C
11138,I
11139,A
11140,E
11141,D
11142,7
11143,O
11144,I
11145,H
11146,A
11147,F
11148,H
11149,R
11150,C
11151,N
11152,I
11153,E
11154,V
11155,A
11156,M
11157,E
11158,A
11159,H
11160,G
11161,R
11162,F
11163,S
11164,O
11165,R
11166,A
11167,E
11168,O
11169,A
11170,G
11171,I
11172,e
11173,S
11174,A
11175,e
11176,A
11177,E
11178,m
11179,H
11180,T
11181,V
11182,A
11183,S
11184,V
11185,r
11186,O
11187,O
11188,A
11189,A
11190,L
11191,C
11192,A
11193,O
11194,N
11195,I
11196,B
11197,A
11198,A
11199,V
11200,S
11201,o
11202,S
11203,T
11204,N
11205,i
11206,G
11207,n
11208,N
11209,A
11210,O
11211,N
11212,A
11213,S
11214,i
11215,a
11216,E
11217,N
11218,E
11219,R
11220,A
11221,o
11222,R
11223,E
11224,E
11225,O
11226,S
11227,r
11228,o
11229,D
11230,R
11231,z
11232,A
11233,T
11234,a
11235,E
11236,R
11237,O
11238,O
11239,O
11240,I
11241,L
11242,R
11243,a
11244,I
11245,O
11246,E
11247,M
11248,C
11249,n
11250,R
11251,O
11252,S
11253,R
11254,I
11255,O
11256,P
11257,A
11258,T
11259,E
11260,O
11261,N
11262,A
11263,R
11264,n
11265,E
11266,S
11267,2
11268,O
11269,a
11270,A
11271,C
11272,C
11273,L
11274,A
11275,Y
11276,G
11277,D
11278,R
11279,h
11280,D
11281,T
11282,R
11283,I
11284,S
11285,E
11286,T
11287,S
11288,M
11289,r
11290,I
11291,R
11292,S
11293,O
11294,M
11295,N
11296,T
11297,C
11298,O
11299,A
11300,A
11301,D
11302,N
11303,R
11304,T
11305,I
11306,T
11307,N
11308,r
11309,E
11310,D
11311,E
11312,B
11313,I
11314,S
11315,O
11316,A
11317,C
11318,C
11319,M
11320,E
11321,I
11322,R
11323,I
11324,E
11325,M
11326,S
11327,I
11328,H
11329,O
11330,T
11331,5
11332,A
11333,O
11334,T
11335,O
11336,M
11337,A
11338,i
11339,O
11340,h
11341,v
11342,L
11343,I
11344,A
11345,A
11346,R
11347,O
11348,E
11349,D
11350,S
11351,O
11352,T
11353,C
11354,A
11355,Y
11356,C
11357,E
11358,C
11359,O
11360,N
11361,T
11362,T
11363,A
11364,E
11365,I
11366,R
11367,A
11368,S
11369,R
11370,A
11371,o
11372,L
11373,I
11374,h
11375,A
11376,N
11377,Y
11378,A
11379,E
11380,C
11381,W
11382,S
11383,e
11384,R
11385,6
11386,I
11387,e
11388,I
11389,R
11390,L
11391,L
11392,O
11393,P
11394,A
11395,N
11396,U
11397,O
11398,R
11399,O
11400,N
11401,T
11402,I
11403,L
11404,e
11405,U
11406,O
11407,I
11408,N
11409,H
11410,R
11411,S
11412,I
11413,U
11414,C
11415,T
11416,S
11417,r
11418,e
11419,O
11420,D
11421,O
11422,A
11423,A
11424,e
11425,I
11426,E
11427,K
11428,N
11429,T
11430,N
11431,R
11432,L
11433,H
11434,O
11435,S
11436,E
11437,E
11438,A
11439,P
11440,O
11441,R
11442,A
11443,A
11444,I
11445,r
11446,W
11447,E
11448,N
11449,n
11450,E
11451,T
11452,E
11453,E
11454,S
11455,P
11456,Y
11457,J
11458,E
11459,e
11460,R
11461,S
11462,I
11463,R
11464,I
11465,L
11466,I
11467,A
11468,A
11469,J
11470,7
11471,s
11472,S
11473,I
11474,P
11475,N
11476,S
11477,M
11478,R
11479,L
11480,G
11481,O
11482,I
11483,t
11484,S
11485,F
11486,A
11487,N
11488,R
11489,N
11490,R
11491,E
11492,S
11493,D
11494,E
11495,A
11496,C
11497,E
11498,3
11499,E
11500,O
11501,s
11502,E
11503,S
11504,N
11505,e
11506,S
11507,O
11508,i
11509,O
11510,A
11511,L
11512,I
11513,o
11514,E
11515,D
11516,O
11517,C
11518,H
11519,C
11520,T
11521,R
11522,M
11523,L
11524,O
11525,J
11526,I
11527,I
11528,O
11529,n
11530,6
11531,A
11532,I
11533,P
11534,A
11535,C
11536,T
11537,a
11538,r
11539,i
11540,U
11541,A
11542,A
11543,R
11544,P
11545,C
11546,E
11547,W
11548,I
11549,O
11550,O
11551,T
11552,T
11553,I
11554,c
11555,I
11556,A
11557,C
11558,R
11559,n
11560,W
11561,O
11562,I
11563,i
11564,A
11565,E
11566,d
11567,A
11568,S
11569,a
11570,C
11571,A
11572,D
11573,r
11574,T
11575,A
11576,D
11577,N
11578,L
11579,S
11580,O
11581,L
11582,O
11583,n
11584,I
11585,t
11586,S
11587,R
11588,O
11589,L
11590,2
11591,E
11592,O
11593,T
11594,O
11595,I
11596,K
11597,M
11598,A
11599,N
11600,T
11601,R
11602,A
11603,U
11604,A
11605,A
11606,O
11607,O
11608,n
11609,S
11610,D
11611,R
11612,E
11613,R
11614,A
11615,r
11616,n
11617,V
11618,A
11619,M
11620,A
11621,C
11622,I
11623,E
11624,R
11625,T
11626,I
11627,d
11628,O
11629,K
11630,T
11631,T
11632,A
11633,S
11634,A
11635,P
11636,e
11637,T
11638,M
11639,S
11640,C
11641,I
11642,r
11643,H
11644,E
11645,T
11646,H
11647,r
11648,E
11649,A
11650,I
11651,T
11652,N
11653,R
11654,O
11655,r
11656,5
11657,G
11658,n
11659,R
11660,0
11661,I
11662,L
11663,E
11664,A
11665,O
11666,S
11667,E
11668,W
11669,C
11670,I
11671,G
11672,V
11673,S
11674,N
11675,N
11676,r
11677,M
11678,A
11679,U
11680,S
11681,N
11682,w
11683,S
11684,e
11685,T
11686,T
11687,A
11688,O
11689,n
11690,C
11691,A
11692,N
11693,A
11694,R
11695,G
11696,E
11697,S
11698,C
11699,M
11700,I
11701,E
11702,T
11703,L
11704,F
11705,A
11706,B
11707,L
11708,I
11709,A
11710,e
11711,C
11712,a
11713,A
11714,g
11715,O
11716,M
11717,I
11718,S
11719,T
11720,R
11721,R
11722,n
11723,A
11724,S
11725,O
11726,M
11727,E
11728,H
11729,r
11730,E
11731,I
11732,3
11733,S
11734,r
11735,C
11736,M
11737,R
11738,O
11739,A
11740,e
11741,E
11742,e
11743,R
11744,E
11745,A
11746,N
11747,e
11748,A
11749,A
11750,H
11751,A
11752,A
11753,A
11754,E
11755,S
11756,A
11757,T
11758,r
11759,I
11760,3
11761,N
11762,N
11763,M
11764,J
11765,e
11766,A
11767,A
11768,I
11769,O
11770,H
11771,N
11772,D
11773,N
11774,O
11775,E
11776,A
11777,N
11778,G
11779,S
11780,R
11781,S
11782,E
11783,K
11784,A
11785,I
11786,I
11787,R
11788,O
11789,A
11790,a
11791,L
11792,L
11793,V
11794,A
11795,i
11796,A
11797,i
11798,L
11799,E
11800,E
11801,N
11802,R
11803,Y
11804,m
11805,I
11806,M
11807,T
11808,R
11809,K
11810,O
11811,T
11812,R
11813,O
11814,E
11815,M
11816,S
11817,S
11818,Y
11819,H
11820,N
11821,N
11822,Y
11823,n
11824,A
11825,I
11826,I
11827,R
11828,A
11829,G
11830,I
11831,t
11832,I
11833,9
11834,C
11835,a
11836,n
11837,W
11838,D
11839,E
11840,E
11841,a
11842,I
11843,N
11844,E
11845,2
11846,T
11847,R
11848,X
11849,A
11850,E
11851,D
11852,O
11853,A
11854,D
11855,E
11856,I
11857,I
11858,4
11859,D
11860,A
11861,n
11862,T
11863,E
11864,F
11865,I
11866,a
11867,A
11868,t
11869,o
11870,I
11871,T
11872,a
11873,A
11874,G
11875,o
11876,E
11877,R
11878,3
11879,O
11880,N
11881,F
11882,O
11883,N
11884,O
11885,A
11886,S
11887,R
11888,T
11889,M
11890,I
11891,b
11892,T
11893,L
11894,e
11895,N
11896,S
11897,E
11898,O
11899,E
11900,C
11901,S
11902,H
11903,T
11904,I
11905,O
11906,H
11907,A
11908,S
11909,F
11910,L
11911,S
11912,R
11913,E
11914,N
11915,C
11916,S
11917,S
11918,r
11919,M
11920,A
11921,P
11922,V
11923,O
11924,e
11925,M
11926,R
11927,O
11928,L
11929,R
11930,A
11931,O
11932,L
11933,O
11934,I
11935,2
11936,O
11937,L
11938,A
11939,A
11940,C
11941,O
11942,N
11943,I
11944,C
11945,S
11946,A
11947,I
11948,H
11949,O
11950,O
11951,O
11952,A
11953,T
11954,E
11955,D
11956,h
11957,G
11958,R
11959,A
11960,e
11961,D
11962,E
11963,E
11964,R
11965,B
11966,E
11967,r
11968,A
11969,T
11970,T
11971,E
11972,S
11973,S
11974,T
11975,C
11976,I
11977,E
11978,H
11979,A
11980,E
11981,P
11982,A
11983,O
11984,H
11985,O
11986,U
11987,H
11988,D
11989,E
11990,O
11991,A
11992,R
11993,R
11994,A
11995,C
11996,W
11997,S
11998,A
11999,E
12000,T
12001,T
12002,I
12003,W
12004,R
12005,r
12006,A
12007,M
12008,A
12009,E
12010,3
12011,O
12012,O
12013,E
12014,7
12015,P
12016,A
12017,A
12018,E
12019,D
12020,T
12021,i
12022,e
12023,B
12024,S
12025,U
12026,S
12027,H
12028,E
12029,I
12030,e
12031,A
12032,D
12033,I
12034,O
12035,R
12036,G
12037,r
12038,I
12039,E
12040,o
12041,D
12042,E
12043,O
12044,C
12045,M
12046,S
12047,I
12048,R
12049,O
12050,D
12051,G
12052,A
12053,E
12054,B
12055,R
12056,A
12057,H
12058,O
12059,E
12060,A
12061,A
12062,I
12063,T
12064,M
12065,R
12066,e
12067,T
12068,H
12069,i
12070,A
12071,H
12072,C
12073,A
12074,A
12075,O
12076,c
12077,R
12078,T
12079,h
12080,R
12081,E
12082,a
12083,I
12084,S
12085,e
12086,A
12087,S
12088,m
12089,S
12090,I
12091,A
12092,M
12093,I
12094,Y
12095,I
12096,L
12097,A
12098,I
12099,R
12100,7
12101,r
12102,e
12103,O
12104,L
12105,I
12106,r
12107,T
12108,A
12109,O
12110,n
12111,A
12112,I
12113,I
12114,N
12115,O
12116,K
12117,C
12118,N
12119,N
12120,E
12121,Y
12122,L
12123,A
12124,L
12125,T
12126,I
12127,O
12128,S
12129,C
12130,K
12131,O
12132,R
12133,E
12134,E
12135,O
12136,I
12137,U
12138,O
12139,H
12140,A
12141,G
12142,L
12143,S
12144,A
12145,A
12146,E
12147,A
12148,e
12149,E
12150,E
12151,O
12152,E
12153,R
12154,C
12155,r
12156,T
12157,A
12158,A
12159,O
12160,E
12161,A
12162,R
12163,T
12164,C
12165,O
12166,A
12167,O
12168,P
12169,D
12170,S
12171,C
12172,A
12173,A
12174,T
12175,I
12176,S
12177,A
12178,E
12179,O
12180,P
12181,C
12182,O
12183,C
12184,G
12185,B
12186,A
12187,D
12188,I
12189,E
12190,N
12191,A
12192,E
12193,S
12194,E
12195,N
12196,I
12197,O
12198,3
12199,L
12200,A
12201,E
12202,R
12203,S
12204,T
12205,S
12206,A
12207,E
12208,Y
12209,S
12210,I
12211,N
12212,G
12213,N
12214,T
12215,E
12216,N
12217,D
12218,T
12219,H
12220,m
12221,I
12222,A
12223,N
12224,A
12225,E
12226,J
12227,C
12228,I
12229,S
12230,O
12231,2
12232,E
12233,r
12234,A
12235,E
12236,E
12237,T
12238,A
12239,T
12240,P
12241,R
12242,A
12243,T
12244,P
12245,H
12246,R
12247,R
12248,L
12249,I
12250,S
12251,A
12252,O
12253,n
12254,U
12255,r
12256,A
12257,3
12258,I
12259,e
12260,I
12261,O
12262,N
12263,D
12264,r
12265,C
12266,O
12267,B
12268,O
12269,C
12270,G
12271,O
12272,2
12273,T
12274,U
12275,R
12276,O
12277,I
12278,C
12279,E
12280,R
12281,E
12282,O
12283,E
12284,C
12285,T
12286,P
12287,E
12288,T
12289,E
12290,R
12291,S
12292,A
12293,A
12294,N
12295,A
12296,m
12297,R
12298,C
12299,C
12300,I
12301,N
12302,R
12303,O
12304,R
12305,W
12306,A
12307,O
12308,5
12309,r
12310,e
12311,A
12312,R
12313,D
12314,M
12315,N
12316,A
12317,O
12318,O
12319,n
12320,R
12321,C
12322,i
12323,A
12324,R
12325,A
12326,N
12327,T
12328,L
12329,I
12330,I
12331,O
12332,F
12333,F
12334,r
12335,O
12336,N
12337,R
12338,C
12339,7
12340,M
12341,R
12342,S
12343,T
12344,E
12345,T
12346,I
12347,O
12348,O
12349,A
12350,a
12351,S
12352,R
12353,E
12354,R
12355,O
12356,E
12357,T
12358,L
12359,L
12360,A
12361,I
12362,t
12363,V
12364,Z
12365,P
12366,K
12367,H
12368,E
12369,I
12370,O
12371,O
12372,E
12373,O
12374,N
12375,I
12376,o
12377,N
12378,C
12379,C
12380,9
12381,r
12382,O
12383,O
12384,L
12385,A
12386,C
12387,t
12388,y
12389,U
12390,C
12391,I
12392,L
12393,r
12394,A
12395,A
12396,C
12397,T
12398,E
12399,A
12400,A
12401,E
12402,L
12403,I
12404,D
12405,A
12406,n
12407,E
12408,T
12409,L
12410,N
12411,O
12412,N
12413,E
12414,t
12415,m
12416,i
12417,I
12418,0
12419,7
12420,S
12421,A
12422,I
12423,R
12424,R
12425,N
12426,A
12427,R
12428,E
12429,O
12430,A
12431,K
12432,r
12433,A
12434,i
12435,E
12436,A
12437,A
12438,R
12439,A
12440,R
12441,R
12442,A
12443,A
12444,O
12445,A
12446,S
12447,S
12448,o
12449,C
12450,A
12451,S
12452,A
12453,E
12454,A
12455,C
12456,I
12457,I
12458,X
12459,I
12460,A
12461,S
12462,i
12463,C
12464,Y
12465,E
12466,R
12467,d
12468,e
12469,N
12470,C
12471,A
12472,R
12473,C
12474,E
12475,I
12476,L
12477,T
12478,n
12479,A
12480,O
12481,A
12482,A
12483,L
12484,O
12485,m
12486,P
12487,A
12488,m
12489,A
12490,T
12491,S
12492,R
12493,A
12494,E
12495,C
12496,E
12497,I
12498,A
12499,O
12500,O
12501,A
12502,N
12503,M
